{"forecast_horizon":90,"test_mae":3.7535604621390957,"test_size":101,"test_mape":5.5289604601258295,"_runtime":0,"_step":0,"_timestamp":1.7671794497028291e+09,"train_size":400,"test_rmse":4.083063166756866,"_wandb":{"runtime":0}}